<resources>

    <!-- Base application theme. -->
    <style name="AppTheme" parent="Theme.AppCompat.DayNight.NoActionBar">
        <!-- Customize your theme here. -->
        <item name="android:editTextBackground">@drawable/rn_edit_text_material</item>
    </style>

    <!-- BootTheme should inherit from Theme.SplashScreen -->
  <!-- <style name="BootTheme" parent="Theme.SplashScreen">
    <item name="bootSplashBackground">@color/bootsplash_background</item>
    <item name="bootSplashLogo">@mipmap/bootsplash_logo</item>
    <item name="postBootSplashTheme">@style/AppTheme</item>
  </style> -->

</resources>
